<?xml version="1.0" encoding="UTF-8" ?>
<!DOCTYPE mapper PUBLIC "-//mybatis.org//DTD Mapper 3.0//EN"
	"http://mybatis.org/dtd/mybatis-3-mapper.dtd">

<mapper namespace="MemberMapper">
	<resultMap type="memberVO" id="memberSelectMap">
		<result property="id" column="id" jdbcType="VARCHAR"/>
		<result property="password" column="password" jdbcType="VARCHAR"/>
		<result property="name" column="name" jdbcType="VARCHAR"/>
		<result property="address" column="address" jdbcType="VARCHAR"/>
	</resultMap>

	<sql id="select-member">
		SELECT
		id, password, name, address
		FROM member
	</sql>
	
	<insert id="registerMember" parameterType="memberVO">
		INSERT
		INTO member(id, password, name, address)
		VALUES(#{id}, #{password}, #{name}, #{address})
	</insert>
	
	
	<delete id="deleteMember" parameterType="memberVO">
		DELETE
		FROM member
		WHERE id=#{id}
	</delete>
	
	<update id="updateMember" parameterType="memberVO">
		UPDATE member
		SET name=#{name}
		WHERE id=#{id}
	</update>
	
	<select id="showAllMember" resultMap="memberSelectMap">
		<include refid="select-member"/>
	</select>
	
	<select id="getMember" parameterType="string" resultMap="memberSelectMap">
		<include refid="select-member"/>
		WHERE id=#{VALUE}
	</select>
	
	<select id="idExist" parameterType="string" resultMap="memberSelectMap">
		<include refid="select-member"/>
		WHERE id=#{VALUE}
	</select>
	
	<select id="login" parameterType="hashmap" resultMap="memberSelectMap">
		<include refid="select-member"/>
		WHERE id=#{id} 
		AND password=#{password}
	</select>
</mapper>
