<?xml version="1.0" encoding="UTF-8" ?>
<!DOCTYPE configuration PUBLIC "-//mybatis.org//DTD Config 3.0//EN"
	"http://mybatis.org/dtd/mybatis-3-config.dtd">
<configuration>
<properties resource="config/dbconn.properties"/>
<typeAliases>
	<typeAlias type="mybatis.services.domain.User" alias="user"/>
</typeAliases>

<environments default="develop">
	<environment id="develop">
		<transactionManager type="JDBC"/>
		<dataSource type="UNPOOLED">
			<property name="driver" value="${jdbc.oracle.driver}"/>
			<property name="url" value="${jdbc.oracle.url}"/>
			<property name="username" value="${jdbc.oracle.username}"/>
			<property name="password" value="${jdbc.oracle.password}"/>
		</dataSource>
	</environment>
</environments>

<mappers>
	<mapper resource="mapper/mybatis-userservice-mapping.xml"/>
	<!-- 이 안에 앞으로 여러개의 mapper 파일이 등록될 수 있다. -->
</mappers>	
</configuration>