<?xml version="1.0" encoding="UTF-8"?>
<!-- 공공데이터 포털사이트에서 가지고온 기상청 xml 데이터 :: 서버에 저장 -->
<info>		<!-- root -->
	<list>
		<region>부산</region>
		<wind>45</wind>
		<rain>12</rain>
		<temp>32</temp>
	</list>
	<list>
		<region>서울</region>
		<wind>32</wind>
		<rain>67</rain>
		<temp>35</temp>
	</list>
	<list>
		<region>광주</region>
		<wind>30</wind>
		<rain>29</rain>
		<temp>30</temp>
	</list>
	<list>
		<region>청주</region>
		<wind>40</wind>
		<rain>50</rain>
		<temp>31</temp>
	</list>
</info>