<?xml version="1.0" encoding="UTF-8" ?>
<!DOCTYPE mapper PUBLIC "-//mybatis.org//DTD Mapper 3.0//EN"
	"http://mybatis.org/dtd/mybatis-3-mapper.dtd">

<mapper namespace="UserMapper02">
	<select id="getUser01" parameterType="string" resultType="user">
		SELECT
		user_id AS userId,
		user_name AS userName,
		password,
		age,
		grade,
		reg_date AS regDate
		FROM users
		WHERE user_id LIKE #{value}
	</select>
	
	<select id="getUser02" parameterType="user" resultType="user">
		SELECT
		user_id AS userId,
		user_name AS userName,
		password,
		age,
		grade,
		reg_date AS regDate
		FROM users
		WHERE user_id LIKE #{userId}
	</select>
	
	<select id="getUser03" parameterType="string" resultType="user">
		SELECT
		user_id AS userId,
		user_name AS userName,
		password,
		age,
		grade,
		reg_date AS regDate
		FROM users
		WHERE user_id LIKE #{VALUE} || '%'
	</select>
	
	<select id="getUser04" parameterType="user" resultType="user">
		SELECT
		user_id AS userId,
		user_name AS userName,
		password,
		age,
		grade,
		reg_date AS regDate
		FROM users
		WHERE user_id LIKE '%' || #{userId} 
	</select>
	
</mapper>
<!-- 
LIKE연산자와 와일드카드(%, _)
 -->